{
"lengthUnit": "mil",
"remark": [],
"components": {
	"fields": ["COMPONENT_NO", "COMPONENT_NAME", "LAYER", "X_COORDINATE", "Y_COORDINATE", "ANGLE"],
	"rows": [
		[1, "1k1", "T", -720, 265, 90],
		[2, "1k2", "T", -265, 265, 270],
		[3, "3.3k1", "T", -467.4578, 571.5467, 180],
		[4, "10k1", "T", -410, 265, 270],
		[5, "10k2", "T", -565, 265, 270],
		[6, "H1", "T", -895, 405, 90],
		[7, "H2", "T", -100, 400, 270],
		[8, "P1", "T", -98.5052, 85.1652, 0],
		[9, "P2", "T", -887.6802, 84.3559, 0],
		[10, "T1", "T", -792.3567, 697.0549, 0],
		[11, "T2", "T", -199.2493, 693.3716, 0],
		[12, "PAD1", "T", -720, 65, 0],
		[13, "PAD1", "B", -720, 65, 0],
		[14, "PAD2", "T", -720, 465, 0],
		[15, "PAD2", "B", -720, 465, 0],
		[16, "PAD3", "T", -265, 465, 0],
		[17, "PAD3", "B", -265, 465, 0],
		[18, "PAD4", "T", -265, 65, 0],
		[19, "PAD4", "B", -265, 65, 0],
		[20, "PAD5", "T", -267.4578, 571.5467, 0],
		[21, "PAD5", "B", -267.4578, 571.5467, 0],
		[22, "PAD6", "T", -667.4578, 571.5467, 0],
		[23, "PAD6", "B", -667.4578, 571.5467, 0],
		[24, "PAD7", "T", -410, 465, 0],
		[25, "PAD7", "B", -410, 465, 0],
		[26, "PAD8", "T", -410, 65, 0],
		[27, "PAD8", "B", -410, 65, 0],
		[28, "PAD9", "T", -565, 465, 0],
		[29, "PAD9", "B", -565, 465, 0],
		[30, "PAD10", "T", -565, 65, 0],
		[31, "PAD10", "B", -565, 65, 0],
		[32, "PAD11", "T", -895, 255, 0],
		[33, "PAD11", "B", -895, 255, 0],
		[34, "PAD12", "T", -895, 355, 0],
		[35, "PAD12", "B", -895, 355, 0],
		[36, "PAD13", "T", -895, 455, 0],
		[37, "PAD13", "B", -895, 455, 0],
		[38, "PAD14", "T", -895, 555, 0],
		[39, "PAD14", "B", -895, 555, 0],
		[40, "PAD15", "T", -100, 550, 0],
		[41, "PAD15", "B", -100, 550, 0],
		[42, "PAD16", "T", -100, 450, 0],
		[43, "PAD16", "B", -100, 450, 0],
		[44, "PAD17", "T", -100, 350, 0],
		[45, "PAD17", "B", -100, 350, 0],
		[46, "PAD18", "T", -100, 250, 0],
		[47, "PAD18", "B", -100, 250, 0],
		[48, "PAD19", "T", -98.5052, 85.1652, 0],
		[49, "PAD19", "B", -98.5052, 85.1652, 0],
		[50, "PAD20", "T", -887.6802, 84.3559, 0],
		[51, "PAD20", "B", -887.6802, 84.3559, 0],
		[52, "PAD21", "T", -742.3568, 697.0549, 0],
		[53, "PAD21", "B", -742.3568, 697.0549, 0],
		[54, "PAD22", "T", -792.3567, 772.0547, 0],
		[55, "PAD22", "B", -792.3567, 772.0547, 0],
		[56, "PAD23", "T", -842.3566, 697.0549, 0],
		[57, "PAD23", "B", -842.3566, 697.0549, 0],
		[58, "PAD24", "T", -149.2494, 693.3716, 0],
		[59, "PAD24", "B", -149.2494, 693.3716, 0],
		[60, "PAD25", "T", -199.2493, 768.3714, 0],
		[61, "PAD25", "B", -199.2493, 768.3714, 0],
		[62, "PAD26", "T", -249.2492, 693.3716, 0],
		[63, "PAD26", "B", -249.2492, 693.3716, 0]
	]
},
"pins": {
	"fields": ["PIN_NO", "PIN_NAME", "PIN_X", "PIN_Y", "LAYER", "PIN_TYPE", "NET_NAME", "NET_TYPE", "PAD_SHAPE", "PAD_SIZEX", "PAD_SIZEY", "HOLE_SIZE", "HOLE_LEN", "PAD_ANGLE"],
	"rows": [
		[1, "1k1_1", -720, 65, "T", "DIP", "$1N1368", "", "C", 74, 74, 35.4, 35.4, 90],
		[2, "1k1_1", -720, 65, "B", "DIP", "$1N1368", "", "C", 74, 74, 35.4, 35.4, 90],
		[3, "1k1_2", -720, 465, "T", "DIP", "$1N1360", "", "C", 74, 74, 35.4, 35.4, 90],
		[4, "1k1_2", -720, 465, "B", "DIP", "$1N1360", "", "C", 74, 74, 35.4, 35.4, 90],
		[5, "1k2_1", -265, 465, "T", "DIP", "$1N1357", "", "C", 74, 74, 35.4, 35.4, 270],
		[6, "1k2_1", -265, 465, "B", "DIP", "$1N1357", "", "C", 74, 74, 35.4, 35.4, 270],
		[7, "1k2_2", -265, 65, "T", "DIP", "$1N1365", "", "C", 74, 74, 35.4, 35.4, 270],
		[8, "1k2_2", -265, 65, "B", "DIP", "$1N1365", "", "C", 74, 74, 35.4, 35.4, 270],
		[9, "3.3k1_1", -267.4578, 571.5467, "T", "DIP", "$1N1361", "", "C", 74, 74, 35.4, 35.4, 180],
		[10, "3.3k1_1", -267.4578, 571.5467, "B", "DIP", "$1N1361", "", "C", 74, 74, 35.4, 35.4, 180],
		[11, "3.3k1_2", -667.4578, 571.5467, "T", "DIP", "$1N1367", "", "C", 74, 74, 35.4, 35.4, 180],
		[12, "3.3k1_2", -667.4578, 571.5467, "B", "DIP", "$1N1367", "", "C", 74, 74, 35.4, 35.4, 180],
		[13, "10k1_1", -410, 465, "T", "DIP", "$1N1358", "", "C", 74, 74, 35.4, 35.4, 270],
		[14, "10k1_1", -410, 465, "B", "DIP", "$1N1358", "", "C", 74, 74, 35.4, 35.4, 270],
		[15, "10k1_2", -410, 65, "T", "DIP", "$1N1365", "", "C", 74, 74, 35.4, 35.4, 270],
		[16, "10k1_2", -410, 65, "B", "DIP", "$1N1365", "", "C", 74, 74, 35.4, 35.4, 270],
		[17, "10k2_1", -565, 465, "T", "DIP", "$1N1358", "", "C", 74, 74, 35.4, 35.4, 270],
		[18, "10k2_1", -565, 465, "B", "DIP", "$1N1358", "", "C", 74, 74, 35.4, 35.4, 270],
		[19, "10k2_2", -565, 65, "T", "DIP", "$1N1359", "", "C", 74, 74, 35.4, 35.4, 270],
		[20, "10k2_2", -565, 65, "B", "DIP", "$1N1359", "", "C", 74, 74, 35.4, 35.4, 270],
		[21, "H1_1", -895, 255, "T", "DIP", "$1N1368", "", "R", 66.929, 66.929, 43.308, 43.308, 90],
		[22, "H1_1", -895, 255, "B", "DIP", "$1N1368", "", "R", 66.929, 66.929, 43.308, 43.308, 90],
		[23, "H1_2", -895, 355, "T", "DIP", "GND", "GND", "C", 66.929, 66.929, 43.308, 43.308, 90],
		[24, "H1_2", -895, 355, "B", "DIP", "GND", "GND", "C", 66.929, 66.929, 43.308, 43.308, 90],
		[25, "H1_3", -895, 455, "T", "DIP", "$1N1367", "", "C", 66.929, 66.929, 43.308, 43.308, 90],
		[26, "H1_3", -895, 455, "B", "DIP", "$1N1367", "", "C", 66.929, 66.929, 43.308, 43.308, 90],
		[27, "H1_4", -895, 555, "T", "DIP", "$1N1361", "", "C", 66.929, 66.929, 43.308, 43.308, 90],
		[28, "H1_4", -895, 555, "B", "DIP", "$1N1361", "", "C", 66.929, 66.929, 43.308, 43.308, 90],
		[29, "H2_1", -100, 550, "T", "DIP", "GND", "GND", "R", 66.929, 66.929, 43.308, 43.308, 270],
		[30, "H2_1", -100, 550, "B", "DIP", "GND", "GND", "R", 66.929, 66.929, 43.308, 43.308, 270],
		[31, "H2_2", -100, 450, "T", "DIP", "$1N1357", "", "C", 66.929, 66.929, 43.308, 43.308, 270],
		[32, "H2_2", -100, 450, "B", "DIP", "$1N1357", "", "C", 66.929, 66.929, 43.308, 43.308, 270],
		[33, "H2_3", -100, 350, "T", "DIP", "$1N1367", "", "C", 66.929, 66.929, 43.308, 43.308, 270],
		[34, "H2_3", -100, 350, "B", "DIP", "$1N1367", "", "C", 66.929, 66.929, 43.308, 43.308, 270],
		[35, "H2_4", -100, 250, "T", "DIP", "$1N1365", "", "C", 66.929, 66.929, 43.308, 43.308, 270],
		[36, "H2_4", -100, 250, "B", "DIP", "$1N1365", "", "C", 66.929, 66.929, 43.308, 43.308, 270],
		[37, "P1_1", -98.5052, 85.1652, "T", "DIP", "$1N1365", "", "C", 78.74, 78.74, 39.3701, 39.3701, 0],
		[38, "P1_1", -98.5052, 85.1652, "B", "DIP", "$1N1365", "", "C", 78.74, 78.74, 39.3701, 39.3701, 0],
		[39, "P2_1", -887.6802, 84.3559, "T", "DIP", "GND", "GND", "C", 78.74, 78.74, 39.3701, 39.3701, 0],
		[40, "P2_1", -887.6802, 84.3559, "B", "DIP", "GND", "GND", "C", 78.74, 78.74, 39.3701, 39.3701, 0],
		[41, "T1_1", -842.3566, 697.0549, "T", "DIP", "GND", "GND", "C", 73.9998, 73.9998, 31.9999, 31.9999, 0],
		[42, "T1_1", -842.3566, 697.0549, "B", "DIP", "GND", "GND", "C", 73.9998, 73.9998, 31.9999, 31.9999, 0],
		[43, "T1_2", -792.3567, 772.0547, "T", "DIP", "$1N1360", "", "C", 73.9998, 73.9998, 31.9999, 31.9999, 0],
		[44, "T1_2", -792.3567, 772.0547, "B", "DIP", "$1N1360", "", "C", 73.9998, 73.9998, 31.9999, 31.9999, 0],
		[45, "T1_3", -742.3568, 697.0549, "T", "DIP", "$1N1358", "", "C", 73.9998, 73.9998, 31.9999, 31.9999, 0],
		[46, "T1_3", -742.3568, 697.0549, "B", "DIP", "$1N1358", "", "C", 73.9998, 73.9998, 31.9999, 31.9999, 0],
		[47, "T2_1", -249.2492, 693.3716, "T", "DIP", "GND", "GND", "C", 73.9998, 73.9998, 31.9999, 31.9999, 0],
		[48, "T2_1", -249.2492, 693.3716, "B", "DIP", "GND", "GND", "C", 73.9998, 73.9998, 31.9999, 31.9999, 0],
		[49, "T2_2", -199.2493, 768.3714, "T", "DIP", "$1N1359", "", "C", 73.9998, 73.9998, 31.9999, 31.9999, 0],
		[50, "T2_2", -199.2493, 768.3714, "B", "DIP", "$1N1359", "", "C", 73.9998, 73.9998, 31.9999, 31.9999, 0],
		[51, "T2_3", -149.2494, 693.3716, "T", "DIP", "$1N1357", "", "C", 73.9998, 73.9998, 31.9999, 31.9999, 0],
		[52, "T2_3", -149.2494, 693.3716, "B", "DIP", "$1N1357", "", "C", 73.9998, 73.9998, 31.9999, 31.9999, 0],
		[53, "PAD1_1", -720, 65, "T", "DIP", "$1N1368", "", "C", 74, 74, 35.4, 35.4, 90],
		[54, "PAD1_1", -720, 65, "B", "DIP", "$1N1368", "", "C", 74, 74, 35.4, 35.4, 90],
		[55, "PAD2_2", -720, 465, "T", "DIP", "$1N1360", "", "C", 74, 74, 35.4, 35.4, 90],
		[56, "PAD2_2", -720, 465, "B", "DIP", "$1N1360", "", "C", 74, 74, 35.4, 35.4, 90],
		[57, "PAD3_1", -265, 465, "T", "DIP", "$1N1357", "", "C", 74, 74, 35.4, 35.4, 270],
		[58, "PAD3_1", -265, 465, "B", "DIP", "$1N1357", "", "C", 74, 74, 35.4, 35.4, 270],
		[59, "PAD4_2", -265, 65, "T", "DIP", "$1N1365", "", "C", 74, 74, 35.4, 35.4, 270],
		[60, "PAD4_2", -265, 65, "B", "DIP", "$1N1365", "", "C", 74, 74, 35.4, 35.4, 270],
		[61, "PAD5_1", -267.4578, 571.5467, "T", "DIP", "$1N1361", "", "C", 74, 74, 35.4, 35.4, 180],
		[62, "PAD5_1", -267.4578, 571.5467, "B", "DIP", "$1N1361", "", "C", 74, 74, 35.4, 35.4, 180],
		[63, "PAD6_2", -667.4578, 571.5467, "T", "DIP", "$1N1367", "", "C", 74, 74, 35.4, 35.4, 180],
		[64, "PAD6_2", -667.4578, 571.5467, "B", "DIP", "$1N1367", "", "C", 74, 74, 35.4, 35.4, 180],
		[65, "PAD7_1", -410, 465, "T", "DIP", "$1N1358", "", "C", 74, 74, 35.4, 35.4, 270],
		[66, "PAD7_1", -410, 465, "B", "DIP", "$1N1358", "", "C", 74, 74, 35.4, 35.4, 270],
		[67, "PAD8_2", -410, 65, "T", "DIP", "$1N1365", "", "C", 74, 74, 35.4, 35.4, 270],
		[68, "PAD8_2", -410, 65, "B", "DIP", "$1N1365", "", "C", 74, 74, 35.4, 35.4, 270],
		[69, "PAD9_1", -565, 465, "T", "DIP", "$1N1358", "", "C", 74, 74, 35.4, 35.4, 270],
		[70, "PAD9_1", -565, 465, "B", "DIP", "$1N1358", "", "C", 74, 74, 35.4, 35.4, 270],
		[71, "PAD10_2", -565, 65, "T", "DIP", "$1N1359", "", "C", 74, 74, 35.4, 35.4, 270],
		[72, "PAD10_2", -565, 65, "B", "DIP", "$1N1359", "", "C", 74, 74, 35.4, 35.4, 270],
		[73, "PAD11_1", -895, 255, "T", "DIP", "$1N1368", "", "R", 66.929, 66.929, 43.308, 43.308, 90],
		[74, "PAD11_1", -895, 255, "B", "DIP", "$1N1368", "", "R", 66.929, 66.929, 43.308, 43.308, 90],
		[75, "PAD12_2", -895, 355, "T", "DIP", "GND", "GND", "C", 66.929, 66.929, 43.308, 43.308, 90],
		[76, "PAD12_2", -895, 355, "B", "DIP", "GND", "GND", "C", 66.929, 66.929, 43.308, 43.308, 90],
		[77, "PAD13_3", -895, 455, "T", "DIP", "$1N1367", "", "C", 66.929, 66.929, 43.308, 43.308, 90],
		[78, "PAD13_3", -895, 455, "B", "DIP", "$1N1367", "", "C", 66.929, 66.929, 43.308, 43.308, 90],
		[79, "PAD14_4", -895, 555, "T", "DIP", "$1N1361", "", "C", 66.929, 66.929, 43.308, 43.308, 90],
		[80, "PAD14_4", -895, 555, "B", "DIP", "$1N1361", "", "C", 66.929, 66.929, 43.308, 43.308, 90],
		[81, "PAD15_1", -100, 550, "T", "DIP", "GND", "GND", "R", 66.929, 66.929, 43.308, 43.308, 270],
		[82, "PAD15_1", -100, 550, "B", "DIP", "GND", "GND", "R", 66.929, 66.929, 43.308, 43.308, 270],
		[83, "PAD16_2", -100, 450, "T", "DIP", "$1N1357", "", "C", 66.929, 66.929, 43.308, 43.308, 270],
		[84, "PAD16_2", -100, 450, "B", "DIP", "$1N1357", "", "C", 66.929, 66.929, 43.308, 43.308, 270],
		[85, "PAD17_3", -100, 350, "T", "DIP", "$1N1367", "", "C", 66.929, 66.929, 43.308, 43.308, 270],
		[86, "PAD17_3", -100, 350, "B", "DIP", "$1N1367", "", "C", 66.929, 66.929, 43.308, 43.308, 270],
		[87, "PAD18_4", -100, 250, "T", "DIP", "$1N1365", "", "C", 66.929, 66.929, 43.308, 43.308, 270],
		[88, "PAD18_4", -100, 250, "B", "DIP", "$1N1365", "", "C", 66.929, 66.929, 43.308, 43.308, 270],
		[89, "PAD19_1", -98.5052, 85.1652, "T", "DIP", "$1N1365", "", "C", 78.74, 78.74, 39.3701, 39.3701, 0],
		[90, "PAD19_1", -98.5052, 85.1652, "B", "DIP", "$1N1365", "", "C", 78.74, 78.74, 39.3701, 39.3701, 0],
		[91, "PAD20_1", -887.6802, 84.3559, "T", "DIP", "GND", "GND", "C", 78.74, 78.74, 39.3701, 39.3701, 0],
		[92, "PAD20_1", -887.6802, 84.3559, "B", "DIP", "GND", "GND", "C", 78.74, 78.74, 39.3701, 39.3701, 0],
		[93, "PAD21_3", -742.3568, 697.0549, "T", "DIP", "$1N1358", "", "C", 73.9998, 73.9998, 31.9999, 31.9999, 0],
		[94, "PAD21_3", -742.3568, 697.0549, "B", "DIP", "$1N1358", "", "C", 73.9998, 73.9998, 31.9999, 31.9999, 0],
		[95, "PAD22_2", -792.3567, 772.0547, "T", "DIP", "$1N1360", "", "C", 73.9998, 73.9998, 31.9999, 31.9999, 0],
		[96, "PAD22_2", -792.3567, 772.0547, "B", "DIP", "$1N1360", "", "C", 73.9998, 73.9998, 31.9999, 31.9999, 0],
		[97, "PAD23_1", -842.3566, 697.0549, "T", "DIP", "GND", "GND", "C", 73.9998, 73.9998, 31.9999, 31.9999, 0],
		[98, "PAD23_1", -842.3566, 697.0549, "B", "DIP", "GND", "GND", "C", 73.9998, 73.9998, 31.9999, 31.9999, 0],
		[99, "PAD24_3", -149.2494, 693.3716, "T", "DIP", "$1N1357", "", "C", 73.9998, 73.9998, 31.9999, 31.9999, 0],
		[100, "PAD24_3", -149.2494, 693.3716, "B", "DIP", "$1N1357", "", "C", 73.9998, 73.9998, 31.9999, 31.9999, 0],
		[101, "PAD25_2", -199.2493, 768.3714, "T", "DIP", "$1N1359", "", "C", 73.9998, 73.9998, 31.9999, 31.9999, 0],
		[102, "PAD25_2", -199.2493, 768.3714, "B", "DIP", "$1N1359", "", "C", 73.9998, 73.9998, 31.9999, 31.9999, 0],
		[103, "PAD26_1", -249.2492, 693.3716, "T", "DIP", "GND", "GND", "C", 73.9998, 73.9998, 31.9999, 31.9999, 0],
		[104, "PAD26_1", -249.2492, 693.3716, "B", "DIP", "GND", "GND", "C", 73.9998, 73.9998, 31.9999, 31.9999, 0]
	]
}
}